-- MySQL dump 10.13  Distrib 8.0.46, for Win64 (x86_64)
--
-- Host: localhost    Database: usi_airlines
-- ------------------------------------------------------
-- Server version	9.7.0

/*!40101 SET @OLD_CHARACTER_SET_CLIENT=@@CHARACTER_SET_CLIENT */;
/*!40101 SET @OLD_CHARACTER_SET_RESULTS=@@CHARACTER_SET_RESULTS */;
/*!40101 SET @OLD_COLLATION_CONNECTION=@@COLLATION_CONNECTION */;
/*!50503 SET NAMES utf8 */;
/*!40103 SET @OLD_TIME_ZONE=@@TIME_ZONE */;
/*!40103 SET TIME_ZONE='+00:00' */;
/*!40014 SET @OLD_UNIQUE_CHECKS=@@UNIQUE_CHECKS, UNIQUE_CHECKS=0 */;
/*!40014 SET @OLD_FOREIGN_KEY_CHECKS=@@FOREIGN_KEY_CHECKS, FOREIGN_KEY_CHECKS=0 */;
/*!40101 SET @OLD_SQL_MODE=@@SQL_MODE, SQL_MODE='NO_AUTO_VALUE_ON_ZERO' */;
/*!40111 SET @OLD_SQL_NOTES=@@SQL_NOTES, SQL_NOTES=0 */;
SET @MYSQLDUMP_TEMP_LOG_BIN = @@SESSION.SQL_LOG_BIN;
SET @@SESSION.SQL_LOG_BIN= 0;

--
-- GTID state at the beginning of the backup 
--

SET @@GLOBAL.GTID_PURGED=/*!80000 '+'*/ '82d25230-3fbf-11f1-be3c-8c8caa8bfa98:1-46';

--
-- Table structure for table `bookings`
--

DROP TABLE IF EXISTS `bookings`;
/*!40101 SET @saved_cs_client     = @@character_set_client */;
/*!50503 SET character_set_client = utf8mb4 */;
CREATE TABLE `bookings` (
  `id` int NOT NULL AUTO_INCREMENT,
  `user_id` int NOT NULL,
  `flight_id` int NOT NULL,
  `booking_date` timestamp NULL DEFAULT CURRENT_TIMESTAMP,
  `status` varchar(20) DEFAULT 'confirmed',
  PRIMARY KEY (`id`),
  KEY `user_id` (`user_id`),
  KEY `flight_id` (`flight_id`),
  CONSTRAINT `bookings_ibfk_1` FOREIGN KEY (`user_id`) REFERENCES `users` (`id`),
  CONSTRAINT `bookings_ibfk_2` FOREIGN KEY (`flight_id`) REFERENCES `flights` (`id`)
) ENGINE=InnoDB AUTO_INCREMENT=9 DEFAULT CHARSET=utf8mb4 COLLATE=utf8mb4_0900_ai_ci;
/*!40101 SET character_set_client = @saved_cs_client */;

--
-- Dumping data for table `bookings`
--

LOCK TABLES `bookings` WRITE;
/*!40000 ALTER TABLE `bookings` DISABLE KEYS */;
INSERT INTO `bookings` VALUES (1,1,1,'2026-04-26 09:02:30','confirmed'),(2,3,13,'2026-04-29 19:35:57','confirmed'),(3,3,1,'2026-04-29 19:39:09','confirmed'),(4,3,31,'2026-04-29 19:42:13','cancelled'),(5,3,13,'2026-04-29 20:02:11','cancelled'),(6,3,13,'2026-04-29 20:38:12','confirmed'),(7,3,13,'2026-04-30 04:52:37','confirmed'),(8,3,13,'2026-04-30 15:35:52','confirmed');
/*!40000 ALTER TABLE `bookings` ENABLE KEYS */;
UNLOCK TABLES;

--
-- Table structure for table `flights`
--

DROP TABLE IF EXISTS `flights`;
/*!40101 SET @saved_cs_client     = @@character_set_client */;
/*!50503 SET character_set_client = utf8mb4 */;
CREATE TABLE `flights` (
  `id` int NOT NULL AUTO_INCREMENT,
  `flight_number` varchar(20) NOT NULL,
  `origin` varchar(100) NOT NULL,
  `destination` varchar(100) NOT NULL,
  `departure_time` datetime NOT NULL,
  `arrival_time` datetime NOT NULL,
  `seats_available` int NOT NULL,
  `price` decimal(10,2) NOT NULL,
  `image_url` varchar(500) DEFAULT NULL,
  PRIMARY KEY (`id`)
) ENGINE=InnoDB AUTO_INCREMENT=221 DEFAULT CHARSET=utf8mb4 COLLATE=utf8mb4_0900_ai_ci;
/*!40101 SET character_set_client = @saved_cs_client */;

--
-- Dumping data for table `flights`
--

LOCK TABLES `flights` WRITE;
/*!40000 ALTER TABLE `flights` DISABLE KEYS */;
INSERT INTO `flights` VALUES (1,'AS001','Karachi','Dubai','2026-05-01 06:00:00','2026-05-01 08:00:00',68,44800.00,'images/flight.jpg'),(2,'AS002','Dubai','Karachi','2026-05-01 10:00:00','2026-05-01 12:00:00',70,44800.00,'images/flight.jpg'),(3,'AS003','Lahore','London','2026-05-01 03:00:00','2026-05-01 11:00:00',80,120400.00,'images/flight.jpg'),(4,'AS004','London','Lahore','2026-05-01 14:00:00','2026-05-01 23:00:00',75,120400.00,'images/flight.jpg'),(5,'AS005','Islamabad','Doha','2026-05-02 05:00:00','2026-05-02 07:30:00',60,60200.00,'images/flight.jpg'),(6,'AS006','Doha','Islamabad','2026-05-02 09:00:00','2026-05-02 11:30:00',60,60200.00,'images/flight.jpg'),(7,'AS007','Karachi','Istanbul','2026-05-02 04:00:00','2026-05-02 09:00:00',50,89600.00,'images/flight.jpg'),(8,'AS008','Istanbul','Karachi','2026-05-02 11:00:00','2026-05-02 16:00:00',50,89600.00,'images/flight.jpg'),(9,'AS009','Lahore','Toronto','2026-05-03 02:00:00','2026-05-03 14:00:00',90,179200.00,'images/flight.jpg'),(10,'AS010','Toronto','Lahore','2026-05-03 18:00:00','2026-05-04 06:00:00',85,179200.00,'images/flight.jpg'),(11,'AS011','Islamabad','Kuala Lumpur','2026-05-03 06:00:00','2026-05-03 13:00:00',70,84000.00,'images/flight.jpg'),(12,'AS012','Kuala Lumpur','Islamabad','2026-05-03 15:00:00','2026-05-03 22:00:00',70,84000.00,'images/flight.jpg'),(13,'AS013','Karachi','Abu Dhabi','2026-05-04 05:00:00','2026-05-04 07:00:00',55,42000.00,'images/flight.jpg'),(14,'AS014','Abu Dhabi','Karachi','2026-05-04 09:00:00','2026-05-04 11:00:00',60,42000.00,'images/flight.jpg'),(15,'AS015','Lahore','Paris','2026-05-04 02:00:00','2026-05-04 10:00:00',70,140000.00,'images/flight.jpg'),(16,'AS016','Paris','Lahore','2026-05-04 13:00:00','2026-05-04 21:00:00',70,140000.00,'images/flight.jpg'),(17,'AS017','Islamabad','Riyadh','2026-05-05 04:00:00','2026-05-05 07:00:00',65,61600.00,'images/flight.jpg'),(18,'AS018','Riyadh','Islamabad','2026-05-05 09:00:00','2026-05-05 12:00:00',65,61600.00,'images/flight.jpg'),(19,'AS019','Karachi','Bangkok','2026-05-05 06:00:00','2026-05-05 13:00:00',75,98000.00,'images/flight.jpg'),(20,'AS020','Bangkok','Karachi','2026-05-05 15:00:00','2026-05-05 22:00:00',75,98000.00,'images/flight.jpg'),(21,'AS021','Lahore','New York','2026-05-06 01:00:00','2026-05-06 16:00:00',90,196000.00,'images/flight.jpg'),(22,'AS022','New York','Lahore','2026-05-06 19:00:00','2026-05-07 10:00:00',90,196000.00,'images/flight.jpg'),(23,'AS023','Islamabad','Singapore','2026-05-06 05:00:00','2026-05-06 12:00:00',70,89600.00,'images/flight.jpg'),(24,'AS024','Singapore','Islamabad','2026-05-06 14:00:00','2026-05-06 21:00:00',70,89600.00,'images/flight.jpg'),(25,'AS025','Karachi','Frankfurt','2026-05-07 03:00:00','2026-05-07 11:00:00',80,134400.00,'images/flight.jpg'),(26,'AS026','Frankfurt','Karachi','2026-05-07 13:00:00','2026-05-07 21:00:00',80,134400.00,'images/flight.jpg'),(27,'AS027','Lahore','Sydney','2026-05-07 02:00:00','2026-05-07 18:00:00',85,210000.00,'images/flight.jpg'),(28,'AS028','Sydney','Lahore','2026-05-07 22:00:00','2026-05-08 14:00:00',85,210000.00,'images/flight.jpg'),(29,'AS029','Islamabad','Beijing','2026-05-08 06:00:00','2026-05-08 12:00:00',60,84000.00,'images/flight.jpg'),(30,'AS030','Beijing','Islamabad','2026-05-08 14:00:00','2026-05-08 20:00:00',60,84000.00,'images/flight.jpg'),(31,'AS031','Karachi','Jeddah','2026-05-08 05:00:00','2026-05-08 08:00:00',64,56000.00,'images/flight.jpg'),(32,'AS032','Jeddah','Karachi','2026-05-08 10:00:00','2026-05-08 13:00:00',65,56000.00,'images/flight.jpg'),(33,'AS033','Lahore','Madrid','2026-05-09 03:00:00','2026-05-09 11:00:00',75,145600.00,'images/flight.jpg'),(34,'AS034','Madrid','Lahore','2026-05-09 14:00:00','2026-05-09 22:00:00',75,145600.00,'images/flight.jpg'),(35,'AS035','Islamabad','Tokyo','2026-05-09 02:00:00','2026-05-09 13:00:00',80,190400.00,'images/flight.jpg'),(36,'AS036','Tokyo','Islamabad','2026-05-09 16:00:00','2026-05-10 03:00:00',80,190400.00,'images/flight.jpg'),(37,'AS037','Karachi','Seoul','2026-05-10 04:00:00','2026-05-10 13:00:00',70,168000.00,'images/flight.jpg'),(38,'AS038','Seoul','Karachi','2026-05-10 15:00:00','2026-05-11 00:00:00',70,168000.00,'images/flight.jpg'),(39,'AS039','Lahore','Rome','2026-05-10 03:00:00','2026-05-10 10:00:00',65,142800.00,'images/flight.jpg'),(40,'AS040','Rome','Lahore','2026-05-10 13:00:00','2026-05-10 20:00:00',65,142800.00,'images/flight.jpg'),(41,'AS041','Islamabad','Hong Kong','2026-05-11 05:00:00','2026-05-11 12:00:00',70,112000.00,'images/flight.jpg'),(42,'AS042','Hong Kong','Islamabad','2026-05-11 14:00:00','2026-05-11 21:00:00',70,112000.00,'images/flight.jpg'),(43,'AS043','Karachi','Moscow','2026-05-11 04:00:00','2026-05-11 11:00:00',60,126000.00,'images/flight.jpg'),(44,'AS044','Moscow','Karachi','2026-05-11 13:00:00','2026-05-11 20:00:00',60,126000.00,'images/flight.jpg'),(45,'AS045','Lahore','Chicago','2026-05-12 02:00:00','2026-05-12 15:00:00',85,201600.00,'images/flight.jpg'),(46,'AS046','Chicago','Lahore','2026-05-12 18:00:00','2026-05-13 07:00:00',85,201600.00,'images/flight.jpg'),(47,'AS047','Islamabad','Melbourne','2026-05-12 03:00:00','2026-05-12 18:00:00',80,212800.00,'images/flight.jpg'),(48,'AS048','Melbourne','Islamabad','2026-05-12 21:00:00','2026-05-13 12:00:00',80,212800.00,'images/flight.jpg'),(49,'AS049','Karachi','Zurich','2026-05-13 03:00:00','2026-05-13 10:00:00',65,140000.00,'images/flight.jpg'),(50,'AS050','Zurich','Karachi','2026-05-13 13:00:00','2026-05-13 20:00:00',65,140000.00,'images/flight.jpg'),(51,'AS051','Karachi','Dubai','2026-05-14 06:00:00','2026-05-14 08:00:00',70,44800.00,'images/flight.jpg'),(52,'AS052','Dubai','Karachi','2026-05-14 10:00:00','2026-05-14 12:00:00',70,44800.00,'images/flight.jpg'),(53,'AS053','Lahore','London','2026-05-14 03:00:00','2026-05-14 11:00:00',80,120400.00,'images/flight.jpg'),(54,'AS054','London','Lahore','2026-05-14 14:00:00','2026-05-14 23:00:00',75,120400.00,'images/flight.jpg'),(55,'AS055','Islamabad','Doha','2026-05-15 05:00:00','2026-05-15 07:30:00',60,60200.00,'images/flight.jpg'),(56,'AS056','Doha','Islamabad','2026-05-15 09:00:00','2026-05-15 11:30:00',60,60200.00,'images/flight.jpg'),(57,'AS057','Karachi','Istanbul','2026-05-15 04:00:00','2026-05-15 09:00:00',50,89600.00,'images/flight.jpg'),(58,'AS058','Istanbul','Karachi','2026-05-15 11:00:00','2026-05-15 16:00:00',50,89600.00,'images/flight.jpg'),(59,'AS059','Lahore','Toronto','2026-05-16 02:00:00','2026-05-16 14:00:00',90,179200.00,'images/flight.jpg'),(60,'AS060','Toronto','Lahore','2026-05-16 18:00:00','2026-05-17 06:00:00',85,179200.00,'images/flight.jpg'),(61,'AS061','Islamabad','Kuala Lumpur','2026-05-16 06:00:00','2026-05-16 13:00:00',70,84000.00,'images/flight.jpg'),(62,'AS062','Kuala Lumpur','Islamabad','2026-05-16 15:00:00','2026-05-16 22:00:00',70,84000.00,'images/flight.jpg'),(63,'AS063','Karachi','Abu Dhabi','2026-05-17 05:00:00','2026-05-17 07:00:00',60,42000.00,'images/flight.jpg'),(64,'AS064','Abu Dhabi','Karachi','2026-05-17 09:00:00','2026-05-17 11:00:00',60,42000.00,'images/flight.jpg'),(65,'AS065','Lahore','Paris','2026-05-17 02:00:00','2026-05-17 10:00:00',70,140000.00,'images/flight.jpg'),(66,'AS066','Paris','Lahore','2026-05-17 13:00:00','2026-05-17 21:00:00',70,140000.00,'images/flight.jpg'),(67,'AS067','Islamabad','Riyadh','2026-05-18 04:00:00','2026-05-18 07:00:00',65,61600.00,'images/flight.jpg'),(68,'AS068','Riyadh','Islamabad','2026-05-18 09:00:00','2026-05-18 12:00:00',65,61600.00,'images/flight.jpg'),(69,'AS069','Karachi','Bangkok','2026-05-18 06:00:00','2026-05-18 13:00:00',75,98000.00,'images/flight.jpg'),(70,'AS070','Bangkok','Karachi','2026-05-18 15:00:00','2026-05-18 22:00:00',75,98000.00,'images/flight.jpg'),(71,'AS071','Lahore','New York','2026-05-19 01:00:00','2026-05-19 16:00:00',90,196000.00,'images/flight.jpg'),(72,'AS072','New York','Lahore','2026-05-19 19:00:00','2026-05-20 10:00:00',90,196000.00,'images/flight.jpg'),(73,'AS073','Islamabad','Singapore','2026-05-19 05:00:00','2026-05-19 12:00:00',70,89600.00,'images/flight.jpg'),(74,'AS074','Singapore','Islamabad','2026-05-19 14:00:00','2026-05-19 21:00:00',70,89600.00,'images/flight.jpg'),(75,'AS075','Karachi','Frankfurt','2026-05-20 03:00:00','2026-05-20 11:00:00',80,134400.00,'images/flight.jpg'),(76,'AS076','Frankfurt','Karachi','2026-05-20 13:00:00','2026-05-20 21:00:00',80,134400.00,'images/flight.jpg'),(77,'AS077','Lahore','Sydney','2026-05-20 02:00:00','2026-05-20 18:00:00',85,210000.00,'images/flight.jpg'),(78,'AS078','Sydney','Lahore','2026-05-20 22:00:00','2026-05-21 14:00:00',85,210000.00,'images/flight.jpg'),(79,'AS079','Islamabad','Beijing','2026-05-21 06:00:00','2026-05-21 12:00:00',60,84000.00,'images/flight.jpg'),(80,'AS080','Beijing','Islamabad','2026-05-21 14:00:00','2026-05-21 20:00:00',60,84000.00,'images/flight.jpg'),(81,'AS081','Lahore','Karachi','2026-05-25 15:00:00','2026-05-25 18:00:00',51,64680.00,'images/flight.jpg'),(82,'AS082','Islamabad','Doha','2026-05-25 16:00:00','2026-05-25 19:00:00',52,64960.00,'images/flight.jpg'),(83,'AS083','Dubai','Istanbul','2026-05-25 17:00:00','2026-05-25 20:00:00',53,65240.00,'images/flight.jpg'),(84,'AS084','London','Toronto','2026-05-25 18:00:00','2026-05-25 21:00:00',54,65520.00,'images/flight.jpg'),(85,'AS085','Karachi','Dubai','2026-05-25 19:00:00','2026-05-25 22:00:00',55,65800.00,'images/flight.jpg'),(86,'AS086','Lahore','Karachi','2026-05-25 20:00:00','2026-05-25 23:00:00',56,66080.00,'images/flight.jpg'),(87,'AS087','Islamabad','Doha','2026-05-25 21:00:00','2026-05-26 00:00:00',57,66360.00,'images/flight.jpg'),(88,'AS088','Dubai','Istanbul','2026-05-25 22:00:00','2026-05-26 01:00:00',58,66640.00,'images/flight.jpg'),(89,'AS089','London','Toronto','2026-05-25 23:00:00','2026-05-26 02:00:00',59,66920.00,'images/flight.jpg'),(90,'AS090','Karachi','Dubai','2026-05-26 00:00:00','2026-05-26 03:00:00',60,67200.00,'images/flight.jpg'),(91,'AS091','Lahore','Karachi','2026-05-26 01:00:00','2026-05-26 04:00:00',61,67480.00,'images/flight.jpg'),(92,'AS092','Islamabad','Doha','2026-05-26 02:00:00','2026-05-26 05:00:00',62,67760.00,'images/flight.jpg'),(93,'AS093','Dubai','Istanbul','2026-05-26 03:00:00','2026-05-26 06:00:00',63,68040.00,'images/flight.jpg'),(94,'AS094','London','Toronto','2026-05-26 04:00:00','2026-05-26 07:00:00',64,68320.00,'images/flight.jpg'),(95,'AS095','Karachi','Dubai','2026-05-26 05:00:00','2026-05-26 08:00:00',65,68600.00,'images/flight.jpg'),(96,'AS096','Lahore','Karachi','2026-05-26 06:00:00','2026-05-26 09:00:00',66,68880.00,'images/flight.jpg'),(97,'AS097','Islamabad','Doha','2026-05-26 07:00:00','2026-05-26 10:00:00',67,69160.00,'images/flight.jpg'),(98,'AS098','Dubai','Istanbul','2026-05-26 08:00:00','2026-05-26 11:00:00',68,69440.00,'images/flight.jpg'),(99,'AS099','London','Toronto','2026-05-26 09:00:00','2026-05-26 12:00:00',69,69720.00,'images/flight.jpg'),(100,'AS100','Karachi','Dubai','2026-05-26 10:00:00','2026-05-26 13:00:00',70,70000.00,'images/flight.jpg'),(101,'AS101','Lahore','Karachi','2026-05-26 11:00:00','2026-05-26 14:00:00',71,70280.00,'images/flight.jpg'),(102,'AS102','Islamabad','Doha','2026-05-26 12:00:00','2026-05-26 15:00:00',72,70560.00,'images/flight.jpg'),(103,'AS103','Dubai','Istanbul','2026-05-26 13:00:00','2026-05-26 16:00:00',73,70840.00,'images/flight.jpg'),(104,'AS104','London','Toronto','2026-05-26 14:00:00','2026-05-26 17:00:00',74,71120.00,'images/flight.jpg'),(105,'AS105','Karachi','Dubai','2026-05-26 15:00:00','2026-05-26 18:00:00',75,71400.00,'images/flight.jpg'),(106,'AS106','Lahore','Karachi','2026-05-26 16:00:00','2026-05-26 19:00:00',76,71680.00,'images/flight.jpg'),(107,'AS107','Islamabad','Doha','2026-05-26 17:00:00','2026-05-26 20:00:00',77,71960.00,'images/flight.jpg'),(108,'AS108','Dubai','Istanbul','2026-05-26 18:00:00','2026-05-26 21:00:00',78,72240.00,'images/flight.jpg'),(109,'AS109','London','Toronto','2026-05-26 19:00:00','2026-05-26 22:00:00',79,72520.00,'images/flight.jpg'),(110,'AS110','Karachi','Dubai','2026-05-26 20:00:00','2026-05-26 23:00:00',80,72800.00,'images/flight.jpg'),(111,'AS111','Lahore','Karachi','2026-05-26 21:00:00','2026-05-27 00:00:00',81,73080.00,'images/flight.jpg'),(112,'AS112','Islamabad','Doha','2026-05-26 22:00:00','2026-05-27 01:00:00',82,73360.00,'images/flight.jpg'),(113,'AS113','Dubai','Istanbul','2026-05-26 23:00:00','2026-05-27 02:00:00',83,73640.00,'images/flight.jpg'),(114,'AS114','London','Toronto','2026-05-27 00:00:00','2026-05-27 03:00:00',84,73920.00,'images/flight.jpg'),(115,'AS115','Karachi','Dubai','2026-05-27 01:00:00','2026-05-27 04:00:00',85,74200.00,'images/flight.jpg'),(116,'AS116','Lahore','Karachi','2026-05-27 02:00:00','2026-05-27 05:00:00',86,74480.00,'images/flight.jpg'),(117,'AS117','Islamabad','Doha','2026-05-27 03:00:00','2026-05-27 06:00:00',87,74760.00,'images/flight.jpg'),(118,'AS118','Dubai','Istanbul','2026-05-27 04:00:00','2026-05-27 07:00:00',88,75040.00,'images/flight.jpg'),(119,'AS119','London','Toronto','2026-05-27 05:00:00','2026-05-27 08:00:00',89,75320.00,'images/flight.jpg'),(120,'AS120','Karachi','Dubai','2026-05-27 06:00:00','2026-05-27 09:00:00',50,75600.00,'images/flight.jpg'),(121,'AS121','Lahore','Karachi','2026-05-27 07:00:00','2026-05-27 10:00:00',51,75880.00,'images/flight.jpg'),(122,'AS122','Islamabad','Doha','2026-05-27 08:00:00','2026-05-27 11:00:00',52,76160.00,'images/flight.jpg'),(123,'AS123','Dubai','Istanbul','2026-05-27 09:00:00','2026-05-27 12:00:00',53,76440.00,'images/flight.jpg'),(124,'AS124','London','Toronto','2026-05-27 10:00:00','2026-05-27 13:00:00',54,76720.00,'images/flight.jpg'),(125,'AS125','Karachi','Dubai','2026-05-27 11:00:00','2026-05-27 14:00:00',55,77000.00,'images/flight.jpg'),(126,'AS126','Lahore','Karachi','2026-05-27 12:00:00','2026-05-27 15:00:00',56,77280.00,'images/flight.jpg'),(127,'AS127','Islamabad','Doha','2026-05-27 13:00:00','2026-05-27 16:00:00',57,77560.00,'images/flight.jpg'),(128,'AS128','Dubai','Istanbul','2026-05-27 14:00:00','2026-05-27 17:00:00',58,77840.00,'images/flight.jpg'),(129,'AS129','London','Toronto','2026-05-27 15:00:00','2026-05-27 18:00:00',59,78120.00,'images/flight.jpg'),(130,'AS130','Karachi','Dubai','2026-05-27 16:00:00','2026-05-27 19:00:00',60,78400.00,'images/flight.jpg'),(131,'AS131','Lahore','Karachi','2026-05-27 17:00:00','2026-05-27 20:00:00',61,78680.00,'images/flight.jpg'),(132,'AS132','Islamabad','Doha','2026-05-27 18:00:00','2026-05-27 21:00:00',62,78960.00,'images/flight.jpg'),(133,'AS133','Dubai','Istanbul','2026-05-27 19:00:00','2026-05-27 22:00:00',63,79240.00,'images/flight.jpg'),(134,'AS134','London','Toronto','2026-05-27 20:00:00','2026-05-27 23:00:00',64,79520.00,'images/flight.jpg'),(135,'AS135','Karachi','Dubai','2026-05-27 21:00:00','2026-05-28 00:00:00',65,79800.00,'images/flight.jpg'),(136,'AS136','Lahore','Karachi','2026-05-27 22:00:00','2026-05-28 01:00:00',66,80080.00,'images/flight.jpg'),(137,'AS137','Islamabad','Doha','2026-05-27 23:00:00','2026-05-28 02:00:00',67,80360.00,'images/flight.jpg'),(138,'AS138','Dubai','Istanbul','2026-05-28 00:00:00','2026-05-28 03:00:00',68,80640.00,'images/flight.jpg'),(139,'AS139','London','Toronto','2026-05-28 01:00:00','2026-05-28 04:00:00',69,80920.00,'images/flight.jpg'),(140,'AS140','Karachi','Dubai','2026-05-28 02:00:00','2026-05-28 05:00:00',70,81200.00,'images/flight.jpg'),(141,'AS141','Lahore','Karachi','2026-05-28 03:00:00','2026-05-28 06:00:00',71,81480.00,'images/flight.jpg'),(142,'AS142','Islamabad','Doha','2026-05-28 04:00:00','2026-05-28 07:00:00',72,81760.00,'images/flight.jpg'),(143,'AS143','Dubai','Istanbul','2026-05-28 05:00:00','2026-05-28 08:00:00',73,82040.00,'images/flight.jpg'),(144,'AS144','London','Toronto','2026-05-28 06:00:00','2026-05-28 09:00:00',74,82320.00,'images/flight.jpg'),(145,'AS145','Karachi','Dubai','2026-05-28 07:00:00','2026-05-28 10:00:00',75,82600.00,'images/flight.jpg'),(146,'AS146','Lahore','Karachi','2026-05-28 08:00:00','2026-05-28 11:00:00',76,82880.00,'images/flight.jpg'),(147,'AS147','Islamabad','Doha','2026-05-28 09:00:00','2026-05-28 12:00:00',77,83160.00,'images/flight.jpg'),(148,'AS148','Dubai','Istanbul','2026-05-28 10:00:00','2026-05-28 13:00:00',78,83440.00,'images/flight.jpg'),(149,'AS149','London','Toronto','2026-05-28 11:00:00','2026-05-28 14:00:00',79,83720.00,'images/flight.jpg'),(150,'AS150','Karachi','Dubai','2026-05-28 12:00:00','2026-05-28 15:00:00',80,84000.00,'images/flight.jpg'),(151,'AS151','Lahore','Karachi','2026-05-28 13:00:00','2026-05-28 16:00:00',81,84280.00,'images/flight.jpg'),(152,'AS152','Islamabad','Doha','2026-05-28 14:00:00','2026-05-28 17:00:00',82,84560.00,'images/flight.jpg'),(153,'AS153','Dubai','Istanbul','2026-05-28 15:00:00','2026-05-28 18:00:00',83,84840.00,'images/flight.jpg'),(154,'AS154','London','Toronto','2026-05-28 16:00:00','2026-05-28 19:00:00',84,85120.00,'images/flight.jpg'),(155,'AS155','Karachi','Dubai','2026-05-28 17:00:00','2026-05-28 20:00:00',85,85400.00,'images/flight.jpg'),(156,'AS156','Lahore','Karachi','2026-05-28 18:00:00','2026-05-28 21:00:00',86,85680.00,'images/flight.jpg'),(157,'AS157','Islamabad','Doha','2026-05-28 19:00:00','2026-05-28 22:00:00',87,85960.00,'images/flight.jpg'),(158,'AS158','Dubai','Istanbul','2026-05-28 20:00:00','2026-05-28 23:00:00',88,86240.00,'images/flight.jpg'),(159,'AS159','London','Toronto','2026-05-28 21:00:00','2026-05-29 00:00:00',89,86520.00,'images/flight.jpg'),(160,'AS160','Karachi','Dubai','2026-05-28 22:00:00','2026-05-29 01:00:00',50,86800.00,'images/flight.jpg'),(161,'AS161','Lahore','Karachi','2026-05-28 23:00:00','2026-05-29 02:00:00',51,87080.00,'images/flight.jpg'),(162,'AS162','Islamabad','Doha','2026-05-29 00:00:00','2026-05-29 03:00:00',52,87360.00,'images/flight.jpg'),(163,'AS163','Dubai','Istanbul','2026-05-29 01:00:00','2026-05-29 04:00:00',53,87640.00,'images/flight.jpg'),(164,'AS164','London','Toronto','2026-05-29 02:00:00','2026-05-29 05:00:00',54,87920.00,'images/flight.jpg'),(165,'AS165','Karachi','Dubai','2026-05-29 03:00:00','2026-05-29 06:00:00',55,88200.00,'images/flight.jpg'),(166,'AS166','Lahore','Karachi','2026-05-29 04:00:00','2026-05-29 07:00:00',56,88480.00,'images/flight.jpg'),(167,'AS167','Islamabad','Doha','2026-05-29 05:00:00','2026-05-29 08:00:00',57,88760.00,'images/flight.jpg'),(168,'AS168','Dubai','Istanbul','2026-05-29 06:00:00','2026-05-29 09:00:00',58,89040.00,'images/flight.jpg'),(169,'AS169','London','Toronto','2026-05-29 07:00:00','2026-05-29 10:00:00',59,89320.00,'images/flight.jpg'),(170,'AS170','Karachi','Dubai','2026-05-29 08:00:00','2026-05-29 11:00:00',60,89600.00,'images/flight.jpg'),(171,'AS171','Lahore','Karachi','2026-05-29 09:00:00','2026-05-29 12:00:00',61,89880.00,'images/flight.jpg'),(172,'AS172','Islamabad','Doha','2026-05-29 10:00:00','2026-05-29 13:00:00',62,90160.00,'images/flight.jpg'),(173,'AS173','Dubai','Istanbul','2026-05-29 11:00:00','2026-05-29 14:00:00',63,90440.00,'images/flight.jpg'),(174,'AS174','London','Toronto','2026-05-29 12:00:00','2026-05-29 15:00:00',64,90720.00,'images/flight.jpg'),(175,'AS175','Karachi','Dubai','2026-05-29 13:00:00','2026-05-29 16:00:00',65,91000.00,'images/flight.jpg'),(176,'AS176','Lahore','Karachi','2026-05-29 14:00:00','2026-05-29 17:00:00',66,91280.00,'images/flight.jpg'),(177,'AS177','Islamabad','Doha','2026-05-29 15:00:00','2026-05-29 18:00:00',67,91560.00,'images/flight.jpg'),(178,'AS178','Dubai','Istanbul','2026-05-29 16:00:00','2026-05-29 19:00:00',68,91840.00,'images/flight.jpg'),(179,'AS179','London','Toronto','2026-05-29 17:00:00','2026-05-29 20:00:00',69,92120.00,'images/flight.jpg'),(180,'AS180','Karachi','Dubai','2026-05-29 18:00:00','2026-05-29 21:00:00',70,92400.00,'images/flight.jpg'),(181,'AS181','Lahore','Karachi','2026-05-29 19:00:00','2026-05-29 22:00:00',71,92680.00,'images/flight.jpg'),(182,'AS182','Islamabad','Doha','2026-05-29 20:00:00','2026-05-29 23:00:00',72,92960.00,'images/flight.jpg'),(183,'AS183','Dubai','Istanbul','2026-05-29 21:00:00','2026-05-30 00:00:00',73,93240.00,'images/flight.jpg'),(184,'AS184','London','Toronto','2026-05-29 22:00:00','2026-05-30 01:00:00',74,93520.00,'images/flight.jpg'),(185,'AS185','Karachi','Dubai','2026-05-29 23:00:00','2026-05-30 02:00:00',75,93800.00,'images/flight.jpg'),(186,'AS186','Lahore','Karachi','2026-05-30 00:00:00','2026-05-30 03:00:00',76,94080.00,'images/flight.jpg'),(187,'AS187','Islamabad','Doha','2026-05-30 01:00:00','2026-05-30 04:00:00',77,94360.00,'images/flight.jpg'),(188,'AS188','Dubai','Istanbul','2026-05-30 02:00:00','2026-05-30 05:00:00',78,94640.00,'images/flight.jpg'),(189,'AS189','London','Toronto','2026-05-30 03:00:00','2026-05-30 06:00:00',79,94920.00,'images/flight.jpg'),(190,'AS190','Karachi','Dubai','2026-05-30 04:00:00','2026-05-30 07:00:00',80,95200.00,'images/flight.jpg'),(191,'AS191','Lahore','Karachi','2026-05-30 05:00:00','2026-05-30 08:00:00',81,95480.00,'images/flight.jpg'),(192,'AS192','Islamabad','Doha','2026-05-30 06:00:00','2026-05-30 09:00:00',82,95760.00,'images/flight.jpg'),(193,'AS193','Dubai','Istanbul','2026-05-30 07:00:00','2026-05-30 10:00:00',83,96040.00,'images/flight.jpg'),(194,'AS194','London','Toronto','2026-05-30 08:00:00','2026-05-30 11:00:00',84,96320.00,'images/flight.jpg'),(195,'AS195','Karachi','Dubai','2026-05-30 09:00:00','2026-05-30 12:00:00',85,96600.00,'images/flight.jpg'),(196,'AS196','Lahore','Karachi','2026-05-30 10:00:00','2026-05-30 13:00:00',86,96880.00,'images/flight.jpg'),(197,'AS197','Islamabad','Doha','2026-05-30 11:00:00','2026-05-30 14:00:00',87,97160.00,'images/flight.jpg'),(198,'AS198','Dubai','Istanbul','2026-05-30 12:00:00','2026-05-30 15:00:00',88,97440.00,'images/flight.jpg'),(199,'AS199','London','Toronto','2026-05-30 13:00:00','2026-05-30 16:00:00',89,97720.00,'images/flight.jpg'),(200,'AS200','Karachi','Dubai','2026-05-30 14:00:00','2026-05-30 17:00:00',50,98000.00,'images/flight.jpg'),(201,'AS201','Lahore','Karachi','2026-05-30 15:00:00','2026-05-30 18:00:00',51,98280.00,'images/flight.jpg'),(202,'AS202','Islamabad','Doha','2026-05-30 16:00:00','2026-05-30 19:00:00',52,98560.00,'images/flight.jpg'),(203,'AS203','Dubai','Istanbul','2026-05-30 17:00:00','2026-05-30 20:00:00',53,98840.00,'images/flight.jpg'),(204,'AS204','London','Toronto','2026-05-30 18:00:00','2026-05-30 21:00:00',54,99120.00,'images/flight.jpg'),(205,'AS205','Karachi','Dubai','2026-05-30 19:00:00','2026-05-30 22:00:00',55,99400.00,'images/flight.jpg'),(206,'AS206','Lahore','Karachi','2026-05-30 20:00:00','2026-05-30 23:00:00',56,99680.00,'images/flight.jpg'),(207,'AS207','Islamabad','Doha','2026-05-30 21:00:00','2026-05-31 00:00:00',57,99960.00,'images/flight.jpg'),(208,'AS208','Dubai','Istanbul','2026-05-30 22:00:00','2026-05-31 01:00:00',58,100240.00,'images/flight.jpg'),(209,'AS209','London','Toronto','2026-05-30 23:00:00','2026-05-31 02:00:00',59,100520.00,'images/flight.jpg'),(210,'AS210','Karachi','Dubai','2026-05-31 00:00:00','2026-05-31 03:00:00',60,100800.00,'images/flight.jpg'),(211,'AS211','Lahore','Karachi','2026-05-31 01:00:00','2026-05-31 04:00:00',61,101080.00,'images/flight.jpg'),(212,'AS212','Islamabad','Doha','2026-05-31 02:00:00','2026-05-31 05:00:00',62,101360.00,'images/flight.jpg'),(213,'AS213','Dubai','Istanbul','2026-05-31 03:00:00','2026-05-31 06:00:00',63,101640.00,'images/flight.jpg'),(214,'AS214','London','Toronto','2026-05-31 04:00:00','2026-05-31 07:00:00',64,101920.00,'images/flight.jpg'),(215,'AS215','Karachi','Dubai','2026-05-31 05:00:00','2026-05-31 08:00:00',65,102200.00,'images/flight.jpg'),(216,'AS216','Lahore','Karachi','2026-05-31 06:00:00','2026-05-31 09:00:00',66,102480.00,'images/flight.jpg'),(217,'AS217','Islamabad','Doha','2026-05-31 07:00:00','2026-05-31 10:00:00',67,102760.00,'images/flight.jpg'),(218,'AS218','Dubai','Istanbul','2026-05-31 08:00:00','2026-05-31 11:00:00',68,103040.00,'images/flight.jpg'),(219,'AS219','London','Toronto','2026-05-31 09:00:00','2026-05-31 12:00:00',69,103320.00,'images/flight.jpg'),(220,'AS220','Karachi','Dubai','2026-05-31 10:00:00','2026-05-31 13:00:00',70,103600.00,'images/flight.jpg');
/*!40000 ALTER TABLE `flights` ENABLE KEYS */;
UNLOCK TABLES;

--
-- Table structure for table `users`
--

DROP TABLE IF EXISTS `users`;
/*!40101 SET @saved_cs_client     = @@character_set_client */;
/*!50503 SET character_set_client = utf8mb4 */;
CREATE TABLE `users` (
  `id` int NOT NULL AUTO_INCREMENT,
  `name` varchar(100) NOT NULL,
  `email` varchar(100) NOT NULL,
  `password` varchar(255) NOT NULL,
  `created_at` timestamp NULL DEFAULT CURRENT_TIMESTAMP,
  `phone` varchar(20) DEFAULT NULL,
  PRIMARY KEY (`id`),
  UNIQUE KEY `email` (`email`)
) ENGINE=InnoDB AUTO_INCREMENT=4 DEFAULT CHARSET=utf8mb4 COLLATE=utf8mb4_0900_ai_ci;
/*!40101 SET character_set_client = @saved_cs_client */;

--
-- Dumping data for table `users`
--

LOCK TABLES `users` WRITE;
/*!40000 ALTER TABLE `users` DISABLE KEYS */;
INSERT INTO `users` VALUES (1,'Abdullah','abdullah@test.com','$2b$10$4Fev/afsrDEEIcjVC8FEeOryjDC8rBFqv/mdc3b8xltgCjTLd5Avi','2026-04-26 08:46:27',NULL),(2,'AbdulWahab','awahab@test.com','$2b$10$iZIChQHA9RGh9Wv238mOE.uOyXLZcqa3DY1uWSfsVvUGLwjYFia4.','2026-04-26 11:19:47',NULL),(3,'Test User','test@usi.com','$2b$10$jNbV9.JT85NHh5DPhrcfTOdFxLMoY/dcR7NLfHEgr3.qo.wQ03J/i','2026-04-29 18:54:51',NULL);
/*!40000 ALTER TABLE `users` ENABLE KEYS */;
UNLOCK TABLES;
SET @@SESSION.SQL_LOG_BIN = @MYSQLDUMP_TEMP_LOG_BIN;
/*!40103 SET TIME_ZONE=@OLD_TIME_ZONE */;

/*!40101 SET SQL_MODE=@OLD_SQL_MODE */;
/*!40014 SET FOREIGN_KEY_CHECKS=@OLD_FOREIGN_KEY_CHECKS */;
/*!40014 SET UNIQUE_CHECKS=@OLD_UNIQUE_CHECKS */;
/*!40101 SET CHARACTER_SET_CLIENT=@OLD_CHARACTER_SET_CLIENT */;
/*!40101 SET CHARACTER_SET_RESULTS=@OLD_CHARACTER_SET_RESULTS */;
/*!40101 SET COLLATION_CONNECTION=@OLD_COLLATION_CONNECTION */;
/*!40111 SET SQL_NOTES=@OLD_SQL_NOTES */;

-- Dump completed on 2026-05-01 12:48:12
